student_id,name,library_hours_weekly,avg_sleep_hours,attendance_pct,hostel_late_entries,medical_issues,burnout_risk
STU1000,Stephen Carroll,3,9.6,37,8,0,88
STU1001,Sandra Archer,16,7.6,79,2,0,34
STU1002,Tim Lewis,15,6.7,90,1,1,8
STU1003,Kelly Haynes,17,7.4,75,1,1,26
STU1004,Nicole Stevenson,13,7.4,76,1,1,15
STU1005,Brett Durham,2,9.1,49,7,1,75
STU1006,Tracy Gilbert,4,9.7,58,7,1,91
STU1007,Anthony Richardson,45,3.8,93,1,5,75
STU1008,Sergio Cooper,19,7.6,94,1,0,34
STU1009,Timothy Carpenter,18,7.8,81,1,0,5
STU1010,Sydney Little,18,6.8,89,0,0,14
STU1011,Kevin Watkins,10,6.2,83,0,1,22
STU1012,Lauren Stewart,18,6.0,79,0,1,9
STU1013,Gregory Rollins,49,3.4,90,2,3,88
STU1014,Carolyn Salazar,18,7.8,76,1,0,9
STU1015,Emily Turner,3,9.5,46,3,1,82
STU1016,Jennifer Ford,19,7.3,81,0,1,25
STU1017,Pamela Taylor,17,7.1,75,1,1,34
STU1018,Gordon Baker,16,7.8,75,1,1,25
STU1019,Amanda Hodges,14,8.0,84,1,1,8
STU1020,Karen Butler,10,6.2,75,1,0,30
STU1021,Tina Williams,42,3.1,98,2,4,87
STU1022,Kaitlin Webb,16,7.1,94,2,1,38
STU1023,Jacob Farrell,18,6.5,88,1,1,10
STU1024,Anthony Lopez,14,7.8,77,1,1,26
STU1025,John King,1,9.7,55,8,0,95
STU1026,William Smith,15,6.2,75,1,0,37
STU1027,Kevin Waters,3,8.5,53,6,1,94
STU1028,Michelle Barton,35,4.1,96,2,2,71
STU1029,Tyler Smith,16,7.7,92,1,1,18
STU1030,Benjamin Stewart,10,7.6,89,0,1,21
STU1031,Jennifer Bowers,0,9.2,32,9,1,95
STU1032,Danielle Lester,10,6.2,87,0,1,27
STU1033,Kimberly Brown,10,7.8,84,1,0,22
STU1034,Maria Thomas,15,7.1,92,1,1,30
STU1035,Elijah Curtis,20,6.9,94,1,1,8
STU1036,Vincent Morgan,49,4.1,95,2,4,78
STU1037,Jason Robinson,14,7.0,76,2,1,12
STU1038,Victor Stuart,18,7.4,83,0,1,38
STU1039,Richard Chan,11,6.4,93,0,0,29
STU1040,Nancy Sanchez,19,6.5,89,1,0,26
STU1041,Brian Porter,17,7.3,88,0,0,40
STU1042,Natalie Phillips,4,8.9,43,7,0,76
STU1043,Cheryl Nelson,19,7.9,92,0,1,28
STU1044,Denise Mckenzie,30,4.4,98,0,5,88
STU1045,Tyrone Morales,20,7.4,89,0,0,13
STU1046,Melissa Nolan,3,8.9,39,3,1,80
STU1047,Joseph Thomas,17,6.5,94,0,0,35
STU1048,David Parsons,15,6.4,80,1,1,40
STU1049,Alexandra Lopez,18,7.4,76,2,1,39
STU1050,Robert Mcdonald,16,6.2,85,0,0,5
STU1051,Elizabeth Bullock,19,7.8,79,2,1,34
STU1052,Kerri Pitts,1,8.1,53,8,0,96
STU1053,Jorge Jackson,18,7.0,89,2,0,9
STU1054,Julie Castillo,13,7.6,86,1,1,40
STU1055,Juan Torres,13,7.2,90,2,0,6
STU1056,Eric Baker,47,4.9,93,0,4,84
STU1057,David Wilson,13,6.2,78,1,0,22
STU1058,Jacob Carlson,1,8.2,47,9,1,92
STU1059,Keith Mcdonald,12,6.2,92,1,0,26
STU1060,Anna Robinson,3,8.0,37,1,1,80
STU1061,Taylor Barrera,0,8.7,34,6,1,87
STU1062,Christina Norris,19,7.8,94,1,1,35
STU1063,Charles Rose,11,6.5,90,1,0,8
STU1064,Sheila Rivera,49,3.9,96,1,2,74
STU1065,Victor Blackburn,16,6.2,95,1,1,17
STU1066,Anthony Hale,32,4.9,96,0,3,79
STU1067,Ralph Hernandez,12,6.4,92,0,0,10
STU1068,Sara Lowery,18,7.8,87,0,1,15
STU1069,Lauren Rice,5,8.5,47,4,1,82
STU1070,Curtis Smith,15,6.7,77,0,1,9
STU1071,Jason Parker,17,6.7,83,0,1,19
STU1072,Catherine Stanton,13,7.8,78,1,1,5
STU1073,Robert Mccoy,2,9.2,56,9,0,98
STU1074,Lauren Mckinney DVM,15,7.0,76,1,0,38
STU1075,Randall Hendrix,11,7.5,91,0,0,26
STU1076,Willie Golden,20,6.2,90,2,1,24
STU1077,Stephanie Miller,34,3.1,97,1,2,72
STU1078,Rodney Lucero,10,7.8,87,1,1,5
STU1079,Amanda Brown,4,9.2,48,2,1,83
STU1080,Andrea Brown,13,6.2,93,2,0,27
STU1081,Jeffrey Bauer,11,7.0,84,0,0,24
STU1082,Gwendolyn Mitchell,50,4.2,93,0,4,88
STU1083,Mark Ortega,14,7.1,92,1,1,16
STU1084,Melissa Mcintosh,44,3.2,97,0,3,78
STU1085,Julie Lewis,12,6.4,79,1,0,28
STU1086,Laurie Diaz,11,6.1,91,2,0,27
STU1087,Alan Gallagher,10,7.4,88,0,0,10
STU1088,Logan Brown,18,6.7,81,1,1,7
STU1089,Christopher Russell,17,6.9,93,1,1,21
STU1090,Zachary Snyder,18,6.5,90,0,0,14
STU1091,Jessica Schmidt,17,6.0,81,0,1,7
STU1092,Nancy Davis,37,4.0,96,2,2,72
STU1093,Amber Davis,14,7.0,82,2,1,17
STU1094,Jacob Neal,11,7.4,91,1,0,10
STU1095,Tyler Kelley,15,7.3,86,0,0,31
STU1096,Jeremy Green,50,3.7,90,0,3,86
STU1097,Bruce Sanders,38,4.9,98,1,4,91
STU1098,Rebecca Allen,1,8.8,56,1,1,77
STU1099,Jennifer Hayes,20,7.9,81,2,0,5
STU1100,Richard Thompson,16,6.1,84,2,0,35
STU1101,Holly Bates,15,7.8,91,1,1,25
STU1102,Susan Ramirez,44,4.3,94,2,2,92
STU1103,Carla Thomas,20,7.1,93,1,1,23
STU1104,Jay Brown,20,7.8,95,1,0,36
STU1105,Juan Bridges,12,6.7,93,2,0,17
STU1106,Leslie Barrett,19,6.4,86,1,0,34
STU1107,Amanda Mahoney,15,7.0,91,2,1,18
STU1108,Nicole Simpson,14,6.8,79,2,0,18
STU1109,Sandra Jensen,3,9.6,53,0,0,78
STU1110,Heather Lowe,18,6.7,84,2,0,18
STU1111,Gregory Johnson,20,6.7,80,1,1,23
STU1112,Deborah Barker,10,6.5,93,0,1,38
STU1113,Michelle Woodward,13,7.5,78,0,1,19
STU1114,Sheila Baker,20,7.9,81,2,1,12
STU1115,Timothy Parks,11,7.4,89,1,1,21
STU1116,Bonnie Dennis,12,7.9,84,0,0,24
STU1117,Bradley Franklin,3,9.6,40,2,1,81
STU1118,Katie Miles,16,6.4,92,2,1,38
STU1119,Tracey Campbell,10,7.6,85,0,0,33
STU1120,Colin Mcclain,19,6.4,92,2,1,20
STU1121,Kelly Dougherty,18,6.9,78,0,0,15
STU1122,Linda Osborne,12,6.2,90,0,1,13
STU1123,Rebecca Porter,15,6.4,85,1,0,9
STU1124,Heather Friedman,35,4.1,99,2,3,71
STU1125,Melanie Rogers,17,7.5,75,0,0,35
STU1126,Steven Walls,16,7.2,85,1,0,7
STU1127,Miranda Contreras,16,6.1,84,1,1,9
STU1128,Justin Rivera,1,9.9,54,5,1,76
STU1129,Lauren Wilkinson,10,6.6,91,2,0,7
STU1130,Amanda Stephens,20,6.9,80,0,0,6
STU1131,Elizabeth Vega,4,8.2,59,8,1,94
STU1132,Anthony White,15,6.0,90,1,0,25
STU1133,Jordan Simon,14,8.0,89,1,0,24
STU1134,Amy Bruce,18,6.9,88,0,1,10
STU1135,Beverly Lopez,18,6.8,80,0,0,9
STU1136,Michael Mcgrath Jr.,5,8.2,54,7,1,75
STU1137,Sandra Evans,14,8.0,92,0,0,19
STU1138,Jose Luna,0,9.0,32,7,0,80
STU1139,Dr. Brandon Gomez,13,6.8,90,1,0,20
STU1140,Courtney Harris,18,7.7,89,0,1,24
STU1141,Linda Alexander,2,8.3,55,7,1,86
STU1142,Richard Pruitt PhD,20,6.2,79,0,0,26
STU1143,Gary Martin,16,7.3,78,0,1,35
STU1144,Sarah Williams,4,8.3,49,2,1,79
STU1145,Kristina Crawford,33,3.4,96,1,2,85
STU1146,Crystal Reese,2,9.0,53,2,0,87
STU1147,Stacey Ryan,20,6.8,91,2,1,22
STU1148,Debra Alvarez,16,7.6,87,2,0,38
STU1149,Sara Mathis,17,7.5,83,1,0,13
STU1150,Hunter Watson,10,6.0,89,1,1,12
STU1151,Anita Evans,1,9.2,52,2,0,82
STU1152,Austin Harding MD,12,6.9,82,1,0,32
STU1153,Reginald Brown,20,7.2,82,2,0,17
STU1154,George Morse,20,6.2,92,1,0,25
STU1155,Joel Martin,16,6.4,79,0,1,14
STU1156,Kristen Scott,44,4.4,100,2,4,90
STU1157,Lori Jackson,31,5.0,91,0,3,71
STU1158,Tamara Kline,13,6.5,90,2,0,39
STU1159,Patrick Wilson,14,6.7,87,0,1,33
STU1160,Rebecca Valdez,4,8.2,32,9,1,86
STU1161,Jaclyn Mendez,20,6.9,94,0,1,28
STU1162,Rick Watson,16,6.6,84,1,1,21
STU1163,Alan Roy,40,4.8,94,0,2,70
STU1164,Shannon Price,2,9.5,36,10,0,88
STU1165,Rebecca Price,20,7.9,78,1,0,5
STU1166,Christopher Richards,18,6.3,86,0,1,13
STU1167,Timothy Patrick,17,7.6,94,2,1,30
STU1168,Leslie Martinez,13,6.1,75,1,0,33
STU1169,James Gardner,16,6.4,88,1,1,21
STU1170,Dakota Contreras,10,7.5,77,2,1,34
STU1171,Teresa Silva,15,6.6,85,2,0,37
STU1172,Stephanie Salazar,12,7.8,87,2,1,7
STU1173,Amy Blackburn,14,8.0,76,0,1,5
STU1174,Nicole Richardson,20,6.4,94,1,1,16
STU1175,Anthony Ayers,10,7.8,90,2,0,16
STU1176,Adam Garcia,15,6.1,77,2,1,39
STU1177,Jessica Pollard,11,7.2,95,1,0,8
STU1178,Tyler Gibson,20,6.9,93,1,0,12
STU1179,Darren Barnes,2,8.1,33,1,0,84
STU1180,Rachel Mcbride,5,9.8,39,1,1,87
STU1181,James Lyons,19,6.5,86,2,1,39
STU1182,Jordan Case,42,3.3,100,0,2,89
STU1183,Anna Thomas,14,7.6,94,1,0,37
STU1184,Jacqueline Jones,20,6.4,76,1,0,28
STU1185,Thomas Hammond,19,7.9,83,0,1,33
STU1186,Cheryl Alexander,14,6.4,83,2,1,16
STU1187,Alexander Harris,19,7.9,85,2,1,36
STU1188,Crystal Taylor,0,8.6,41,4,1,78
STU1189,Ashley Morgan,17,7.1,75,0,1,16
STU1190,Jason Davis,1,9.0,59,3,0,83
STU1191,Christina Schneider,16,7.6,76,0,1,18
STU1192,Cheyenne Harris,15,7.8,85,1,1,6
STU1193,Troy Parrish,19,6.2,95,1,1,15
STU1194,Joseph Arnold,4,8.6,32,2,1,87
STU1195,Jeffery Warner,2,9.5,30,2,1,98
STU1196,Justin Cook,17,6.1,94,0,0,21
STU1197,Katherine Hays,20,6.5,92,0,1,14
STU1198,Darrell Richard,48,4.9,96,1,3,71
STU1199,Dominique Vega,39,4.0,96,1,2,74
STU1200,Katherine Arroyo,15,6.1,87,2,0,7
STU1201,Amy Quinn,5,8.2,58,10,0,87
STU1202,Christopher Rodriguez,5,8.5,41,5,0,87
STU1203,Christopher Wilson,10,7.4,86,2,0,32
STU1204,Brandon Hancock,15,7.2,77,2,1,12
STU1205,Nicole Harvey,19,7.7,91,2,0,31
STU1206,Tracy Taylor,15,7.7,77,2,1,37
STU1207,Robert Robinson,17,6.1,88,2,0,33
STU1208,Patrick Shepherd,10,6.4,75,1,0,23
STU1209,Jamie Hawkins,42,4.8,91,0,5,82
STU1210,Sean Hughes,17,6.8,84,2,0,32
STU1211,Brian Ibarra,35,3.7,97,2,5,77
STU1212,Cody Mason,14,7.8,82,1,0,27
STU1213,Logan Townsend,30,3.0,92,0,2,85
STU1214,Tina Williams,0,8.9,60,5,1,77
STU1215,Kirsten Lee,17,7.5,93,1,1,6
STU1216,Teresa Skinner,35,3.1,96,1,2,73
STU1217,Benjamin Wilcox,19,7.8,76,1,1,35
STU1218,Amy Gutierrez,20,7.2,79,0,1,30
STU1219,Elizabeth Palmer,13,6.0,82,1,0,35
STU1220,Kimberly Gregory,19,8.0,92,1,1,25
STU1221,Kevin Lee,11,7.5,86,1,0,30
STU1222,Shannon Davis,14,6.8,93,2,0,31
STU1223,Denise Mathis,13,6.8,88,2,0,33
STU1224,Lisa Smith,4,8.5,59,2,0,83
STU1225,Sue Hickman,12,7.1,79,2,1,28
STU1226,Mr. James Young,14,6.3,83,0,1,5
STU1227,Diana Simpson,17,7.9,91,1,1,12
STU1228,Amy Villegas,41,4.4,97,0,4,75
STU1229,Tyler Wood,19,6.1,81,1,1,32
STU1230,Jill Callahan,20,7.0,91,0,0,26
STU1231,Shawn Hill,35,3.5,95,0,2,73
STU1232,Brooke Lopez,16,6.7,90,0,0,32
STU1233,Gregory Sanders,16,7.4,92,1,1,31
STU1234,Shane Brown,39,4.4,92,0,3,86
STU1235,Christine Schultz,20,7.1,75,0,1,38
STU1236,Mason Vega,18,8.0,87,1,1,20
STU1237,David Dodson,45,4.4,97,1,2,76
STU1238,Paul Jones,43,4.8,100,0,2,70
STU1239,Justin Chavez,18,6.1,77,1,0,15
STU1240,Christopher Keller,13,7.7,89,2,1,37
STU1241,Julie Diaz,14,7.4,89,1,1,7
STU1242,Jonathan Estrada,17,7.1,89,0,0,33
STU1243,Brandy Price,10,7.6,77,0,1,39
STU1244,Andrew Phillips,10,6.8,83,1,0,18
STU1245,Stephanie Schultz DVM,5,8.5,49,8,1,92
STU1246,Nicole Powell,34,3.2,96,0,3,85
STU1247,Lucas Russell,20,7.8,90,1,0,24
STU1248,Mark Richards,3,9.1,49,4,0,94
STU1249,Eric Jackson,15,6.7,86,1,0,38
STU1250,Ryan Alvarez MD,14,7.1,87,1,1,20
STU1251,Scott Bowman,17,7.0,79,1,0,38
STU1252,Connor Carter,17,6.1,86,1,0,11
STU1253,Sandra Salazar,48,3.2,100,2,2,72
STU1254,Matthew Montoya,13,7.4,82,1,1,7
STU1255,Bridget Hall,12,6.9,93,1,0,18
STU1256,Heather Long,14,6.1,81,0,1,23
STU1257,Tyrone Allison,14,8.0,78,1,1,23
STU1258,James Phillips,12,6.5,93,1,1,21
STU1259,Dawn Freeman,20,7.5,82,2,0,14
STU1260,Caroline Russo,18,6.1,77,1,0,23
STU1261,Jesse Palmer,13,6.0,95,2,1,25
STU1262,Brittney Thompson,44,4.8,93,2,2,73
STU1263,Maxwell Glenn,17,7.5,93,0,1,31
STU1264,Leslie Delgado,16,6.1,78,0,0,8
STU1265,Tim Stewart,10,7.6,84,0,1,40
STU1266,Jonathan Reyes,16,6.3,88,2,1,37
STU1267,Heather Peterson,16,6.2,94,0,1,38
STU1268,Nicole Gill,42,4.2,100,2,4,78
STU1269,Jon Ryan,10,6.3,77,0,1,25
STU1270,Christopher Davenport,5,9.6,46,1,1,76
STU1271,Crystal Lee,13,7.6,85,2,0,36
STU1272,Robert Spears,12,7.4,93,2,1,33
STU1273,Daniel Chapman,18,7.0,85,1,0,32
STU1274,Lauren Smith,11,6.8,80,1,1,27
STU1275,Stephanie Meyer,11,6.9,79,0,1,29
STU1276,Daniel Butler,17,7.8,78,0,0,17
STU1277,Matthew Watkins,10,7.2,91,2,0,12
STU1278,Lauren Frazier,19,7.7,79,0,0,40
STU1279,Matthew Wang,17,7.4,91,1,1,7
STU1280,Matthew Roy,13,7.7,77,1,0,11
STU1281,Carl Wilson,10,7.3,90,1,0,6
STU1282,Leonard Beck,47,4.4,100,2,4,89
STU1283,Anna Wilson,36,3.9,95,0,3,70
STU1284,Mark Moore,20,7.2,87,0,1,32
STU1285,Kelly Cisneros,13,6.0,79,1,0,31
STU1286,Tracy White,2,8.1,54,10,1,87
STU1287,John Nguyen,2,10.0,44,0,1,98
STU1288,Christopher Banks,10,6.0,85,1,0,16
STU1289,Pamela Sullivan,0,8.0,50,1,0,87
STU1290,Nicole Huynh,49,3.5,95,1,4,84
STU1291,Troy Schneider,15,8.0,82,0,0,31
STU1292,Jasmine Barrera,13,7.5,80,0,1,10
STU1293,Sharon Humphrey,12,7.3,90,1,1,29
STU1294,Joshua Young,35,4.7,90,0,4,75
STU1295,Sandra David,17,7.0,75,2,1,15
STU1296,Grace Rowe,15,7.7,79,2,0,33
STU1297,Leslie Powell DVM,17,7.7,81,2,0,38
STU1298,Patrick Stephens,43,4.2,91,2,3,84
STU1299,Edward Carey,0,8.8,32,9,0,77
STU1300,Matthew Reynolds,44,4.0,94,1,4,82
STU1301,Taylor Rodriguez,44,4.3,93,0,4,89
STU1302,Beverly Anderson,5,8.9,58,4,0,94
STU1303,Kevin Randolph,15,6.4,80,0,0,39
STU1304,Brian Brown,13,7.1,86,2,0,7
STU1305,Makayla Mckenzie,18,7.6,87,1,0,29
STU1306,Cory Warren,39,4.9,92,2,5,73
STU1307,Yolanda Gray,18,6.3,76,1,0,39
STU1308,Mr. Scott Lozano,40,3.0,100,1,5,81
STU1309,David Jordan,15,6.6,76,0,0,36
STU1310,Karen Shepherd,45,4.8,93,2,2,81
STU1311,Christina Smith,47,4.3,94,2,2,86
STU1312,Becky Pena,15,7.7,90,2,1,20
STU1313,Sabrina Martinez,19,7.1,93,0,0,15
STU1314,John George,12,6.8,95,2,0,18
STU1315,Vanessa Peck,15,7.6,79,1,0,11
STU1316,Travis Henson,2,9.5,53,1,0,90
STU1317,Justin Good,1,9.4,42,8,1,75
STU1318,Jamie Morton,13,7.2,82,2,0,35
STU1319,Gary Orr,14,6.5,80,2,1,6
STU1320,Mark Gill,18,7.9,93,2,1,20
STU1321,Cynthia Hernandez,3,8.5,46,9,0,82
STU1322,April Brown,11,7.4,82,2,1,13
STU1323,Carlos Green,12,6.7,78,0,1,22
STU1324,Steven Ruiz,5,8.8,51,2,0,83
STU1325,Jamie Wheeler,5,9.9,51,0,0,75
STU1326,Kelsey Everett,20,6.9,80,2,1,16
STU1327,Mary Kelly,35,4.6,99,1,4,78
STU1328,Stacey Robertson,17,6.6,92,0,1,9
STU1329,Austin Miller Jr.,17,6.5,83,2,1,19
STU1330,Mitchell Whitaker,0,9.5,54,1,0,83
STU1331,David Brown,40,3.3,97,2,3,72
STU1332,Stephanie Aguilar,18,6.5,90,0,0,28
STU1333,Paul Mckinney,10,6.9,89,0,0,9
STU1334,Melanie Schmidt,15,7.3,76,1,0,25
STU1335,Nathan King,12,7.6,80,0,0,19
STU1336,Mrs. Kara Roberts MD,17,7.5,88,1,0,30
STU1337,Michael Patterson,18,7.2,86,1,1,14
STU1338,Patrick Robinson,12,6.1,76,0,1,34
STU1339,Robert Mullins,19,7.5,81,1,0,11
STU1340,Kevin Williams,5,9.9,51,8,0,87
STU1341,Kimberly Juarez,31,3.3,96,0,4,77
STU1342,Andrew Cowan,31,3.5,92,1,4,78
STU1343,Gabriel Bowman,11,7.8,75,2,0,5
STU1344,Michelle Bryant,16,7.2,89,1,1,7
STU1345,Aaron Henry,43,4.4,96,2,4,75
STU1346,Christine Shaw,20,7.2,77,1,1,29
STU1347,Elizabeth Perez,18,6.9,77,0,0,29
STU1348,Charles Kelly,18,6.2,94,1,1,21
STU1349,Bobby Fox,14,7.8,82,1,0,37
STU1350,Hannah Mueller,20,6.4,75,1,0,34
STU1351,Maria Harris,13,6.9,94,1,1,37
STU1352,Jennifer Smith,19,6.2,95,2,0,7
STU1353,Dr. Jamie Kennedy MD,19,7.5,75,1,0,8
STU1354,Walter Lee,40,4.0,93,2,3,83
STU1355,Michael Ayala,20,6.6,80,1,1,24
STU1356,Michael Salinas,18,8.0,90,0,0,37
STU1357,Donna Olson,14,6.5,77,0,1,8
STU1358,Jose Olson,16,6.4,82,2,0,40
STU1359,Gregory Butler,2,9.5,41,5,1,95
STU1360,Connie Paul,13,6.8,78,1,1,39
STU1361,Julie Graham,14,7.3,84,1,1,33
STU1362,Jack Ayala,1,8.1,36,7,1,95
STU1363,Kenneth Howard,15,7.5,82,0,0,36
STU1364,Ashley Andrade,17,6.6,85,0,1,16
STU1365,Carlos Burgess,15,6.6,85,0,1,38
STU1366,Laura Wright,19,6.9,86,0,0,19
STU1367,Pamela Barnett,15,6.4,91,2,1,29
STU1368,George Burns,48,3.6,97,2,3,80
STU1369,Samuel May,11,6.8,81,1,0,24
STU1370,Jennifer Mooney,33,4.7,90,2,3,86
STU1371,Adam Gallagher DVM,11,7.8,85,1,0,22
STU1372,Kimberly Higgins,18,7.4,92,2,0,14
STU1373,Ann Walsh,10,7.8,81,0,0,22
STU1374,Carolyn Contreras DDS,40,4.7,90,2,3,72
STU1375,Chelsea Noble,16,6.3,87,0,0,36
STU1376,Jamie Galloway,11,6.1,84,1,1,15
STU1377,Amanda Schmitt,13,7.5,82,2,0,11
STU1378,Tina Guzman,19,6.6,83,0,1,13
STU1379,Douglas Whitehead,45,3.6,92,0,3,85
STU1380,Jason Meyer,10,7.7,87,1,0,33
STU1381,Sean Garner,13,6.7,83,1,0,14
STU1382,Richard Miller,12,6.2,88,1,1,29
STU1383,Brittany Frost,0,9.0,32,2,0,78
STU1384,Christopher Burns DDS,16,7.3,84,0,1,22
STU1385,Samantha Wood,13,7.1,81,1,0,26
STU1386,Alison Pearson,14,6.9,94,1,0,19
STU1387,Hannah Pearson,13,7.6,85,0,1,17
STU1388,Jennifer Lawrence,14,7.9,86,0,1,8
STU1389,Kevin Harrell,15,7.7,87,0,0,14
STU1390,Sarah Frazier,20,7.5,75,1,0,12
STU1391,Mark Reed,2,9.5,42,9,0,81
STU1392,Kevin Glass,19,7.4,94,1,1,10
STU1393,Nancy Garcia,12,7.9,88,0,1,9
STU1394,Kelly Contreras,18,7.0,79,2,1,15
STU1395,William Bradford,11,6.5,95,2,1,17
STU1396,Robert Anderson,30,4.9,94,0,3,77
STU1397,Lisa Malone,41,3.8,93,1,2,72
STU1398,Mary Cruz,15,6.0,75,0,0,29
STU1399,Lynn Bennett,12,7.9,81,2,0,30
STU1400,Kathryn Gaines,17,6.8,77,1,1,14
STU1401,Karen Jackson,14,6.7,76,2,0,22
STU1402,Joshua Adams,19,7.7,75,2,0,26
STU1403,Colin Robinson,19,6.0,85,1,0,36
STU1404,Katherine Ramsey,11,6.1,77,2,0,40
STU1405,Ashlee Adkins,12,6.3,75,2,1,26
STU1406,James Curtis,13,6.3,91,1,0,16
STU1407,Jennifer Jimenez,10,6.9,93,1,0,21
STU1408,Kiara Garcia,16,6.1,92,2,1,30
STU1409,Peter Gomez,17,6.2,93,1,1,7
STU1410,Christina Grant,14,7.4,88,1,1,33
STU1411,Amanda Chavez,13,7.6,95,0,1,21
STU1412,Gail Wang,11,7.0,76,2,1,40
STU1413,Randy Chavez,46,3.5,96,2,5,81
STU1414,Courtney Allison,12,7.8,77,1,0,5
STU1415,Tara Brewer,15,6.1,80,1,1,31
STU1416,Dawn Johnson,34,4.9,92,1,4,79
STU1417,Jason Lawson,20,6.5,82,1,1,33
STU1418,Jaime Evans,13,6.5,76,1,0,32
STU1419,Greg Vargas,15,7.3,90,1,1,16
STU1420,Billy May PhD,20,6.1,78,0,0,12
STU1421,Lauren Patton,17,7.4,85,2,0,36
STU1422,Bonnie Bender,15,6.4,84,2,1,11
STU1423,Lawrence Villa,32,3.6,94,0,4,91
STU1424,Angela Torres,5,8.8,35,10,1,88
STU1425,Ian Simmons,10,6.5,95,2,1,5
STU1426,Devin Castillo,18,7.6,84,2,1,38
STU1427,Ashley Powers,18,7.6,85,2,0,39
STU1428,Phillip Atkinson,32,3.5,96,2,2,73
STU1429,Heather Brown,12,6.5,92,2,0,7
STU1430,Elizabeth Higgins,37,3.9,96,2,2,78
STU1431,Albert Hernandez,18,8.0,88,0,1,15
STU1432,Robert Gomez,0,8.7,43,5,1,77
STU1433,Allison Schneider,40,4.9,95,1,3,95
STU1434,Alexis Washington,15,7.1,86,0,0,38
STU1435,Mark Delacruz,10,7.4,86,2,0,25
STU1436,Robin Fields,34,3.5,94,2,3,74
STU1437,Cynthia Frost,15,7.6,92,0,0,12
STU1438,Thomas Taylor,30,3.9,96,1,3,91
STU1439,Laura Peters,32,3.3,94,2,4,80
STU1440,Wesley Cox,18,6.5,94,1,0,15
STU1441,Hannah Powell,19,6.2,89,0,1,12
STU1442,Jonathan Reed,44,3.1,92,1,5,70
STU1443,Heather Smith,10,7.2,95,0,1,35
STU1444,Victoria Wyatt,35,3.7,99,1,3,84
STU1445,David Savage,17,6.6,95,0,0,32
STU1446,Michael Pace,2,8.2,54,0,1,85
STU1447,Gary Parker,11,7.3,95,1,1,32
STU1448,Jessica Fox,10,7.4,90,2,0,8
STU1449,Gerald Miller,17,6.7,83,0,0,40
STU1450,Jason Cole,32,3.3,92,0,2,95
STU1451,Natalie Gilbert,39,4.5,98,0,3,80
STU1452,Elizabeth Doyle,17,6.7,95,1,1,7
STU1453,Jeremy Wilson,14,6.2,77,2,1,24
STU1454,Ashley Valencia,11,7.1,95,2,1,19
STU1455,Gail Davis,16,6.4,90,0,0,33
STU1456,Marcus Hernandez,15,6.1,93,0,1,36
STU1457,Ricardo Rojas,19,7.9,91,2,1,38
STU1458,Priscilla Reyes,0,8.9,59,8,1,95
STU1459,Kathleen Taylor,17,6.0,90,0,1,20
STU1460,Kimberly Bowers,3,9.4,48,0,0,81
STU1461,Benjamin Davis,15,7.6,76,2,0,38
STU1462,Melissa Jackson,19,6.0,88,1,1,11
STU1463,Becky Vance,15,6.6,87,2,1,12
STU1464,Lucas Reilly MD,20,6.1,89,2,1,29
STU1465,Charles Beasley,19,6.5,86,0,0,16
STU1466,Miss Julia Ford,14,7.3,92,0,0,36
STU1467,Sharon Carney,13,6.6,80,2,1,18
STU1468,Candace Mason,14,7.4,80,1,0,22
STU1469,Jennifer Quinn,31,4.6,94,2,3,78
STU1470,Jeffrey Hill,19,7.9,89,2,0,36
STU1471,Sheri Underwood,33,3.7,91,0,5,86
STU1472,Mr. Matthew Morton,15,7.6,91,2,0,25
STU1473,Amanda Martin,18,6.0,94,0,0,14
STU1474,Teresa Medina,0,8.0,34,6,1,97
STU1475,Daniel Johnson,14,6.6,75,1,0,8
STU1476,Angela Edwards,17,7.4,78,2,1,10
STU1477,Nicole Rodriguez,38,4.5,94,2,3,81
STU1478,Taylor Spence,17,7.8,79,1,0,39
STU1479,William Anderson,12,6.8,77,0,1,21
STU1480,Paul Smith,10,8.0,77,1,1,18
STU1481,Melissa Anderson,13,6.8,83,2,0,17
STU1482,Michael Harris,15,7.4,88,1,1,5
STU1483,Dylan Snyder,10,7.6,82,1,1,8
STU1484,Denise Bailey,15,7.0,83,2,1,10
STU1485,Jeffrey Graham,10,6.0,83,2,1,27
STU1486,Shannon Payne,18,6.4,90,1,1,34
STU1487,Mary Sloan,18,7.4,92,2,1,8
STU1488,Anthony Taylor,38,4.6,94,2,4,73
STU1489,Monica Moore,48,3.2,94,2,4,94
STU1490,Kelly Gilbert,12,6.9,89,0,0,40
STU1491,Mark Higgins MD,3,9.5,50,4,0,75
STU1492,Jessica Hunt,20,7.1,76,0,1,17
STU1493,George Hardy,41,3.7,91,2,5,95
STU1494,Jeffrey Jones,18,7.9,75,0,0,17
STU1495,Michele George,39,3.3,98,0,5,86
STU1496,Mrs. Jessica Johnson,3,9.0,48,7,0,88
STU1497,Keith Martinez,0,9.8,30,7,0,93
STU1498,Sherri Abbott,45,4.4,96,0,4,79
STU1499,Mark West,17,7.2,86,0,0,11
STU1500,James Kelley,14,7.1,79,0,0,10
STU1501,Mary Smith,19,6.9,81,1,0,22
STU1502,Lauren Bailey,20,7.2,87,0,0,12
STU1503,Madeline Jordan,11,6.8,76,0,1,13
STU1504,Zachary Smith,20,7.2,90,2,0,27
STU1505,Roy Shah,20,7.4,77,1,0,10
STU1506,Kelly Williams,19,7.8,88,2,0,31
STU1507,Lindsey Vasquez,37,4.1,92,0,5,85
STU1508,James Jones,12,6.8,77,2,0,25
STU1509,Joseph Chavez,3,9.4,43,7,0,81
STU1510,John Burns,48,3.9,95,2,5,75
STU1511,Regina Chambers,5,9.9,48,4,0,89
STU1512,Christopher Nelson,49,4.9,96,1,4,91
STU1513,Juan Reyes,46,3.8,93,1,3,86
STU1514,Jeffrey Pena,17,6.8,92,1,1,14
STU1515,Robert Farrell,19,6.8,81,1,0,13
STU1516,Scott Sanchez,20,6.5,93,1,1,29
STU1517,Wendy Bennett,12,7.2,75,0,1,21
STU1518,Jonathan Mccullough,50,4.3,97,1,3,87
STU1519,Melissa Chase,18,7.3,95,0,1,24
STU1520,Stuart Brown,19,6.7,87,1,0,32
STU1521,Michael Reynolds,12,7.6,76,0,0,29
STU1522,Mary Greene,18,6.8,89,2,1,8
STU1523,Kristie Barker,14,7.3,88,0,0,19
STU1524,Ryan Lang,14,7.5,95,2,0,40
STU1525,Richard Stevens,34,3.1,99,0,3,81
STU1526,David Norman,15,6.3,86,1,0,28
STU1527,Christina Molina,11,6.1,75,2,0,28
STU1528,Jason Moore,4,8.5,58,1,1,88
STU1529,Tina Salinas,5,8.6,34,4,0,88
STU1530,Dylan Walter,35,4.4,91,1,3,71
STU1531,Ryan Rasmussen DDS,12,7.5,91,1,0,31
STU1532,Diana Martin,1,8.9,43,1,1,98
STU1533,Donald Johnson,12,6.8,87,1,0,40
STU1534,Martin Jones,15,6.8,88,0,0,21
STU1535,Billy Patel,5,8.9,44,5,1,87
STU1536,Ms. Holly Watson,19,7.9,81,0,0,38
STU1537,Jonathan Wright,3,9.2,55,6,1,82
STU1538,Douglas Johnson,10,7.4,90,0,0,15
STU1539,Thomas White,11,7.9,75,2,1,30
STU1540,Melanie Diaz,17,7.6,77,0,1,23
STU1541,Randy Anderson,11,6.3,75,0,0,8
STU1542,Danielle Hinton,11,7.1,91,2,0,22
STU1543,Sandra Edwards MD,3,10.0,31,9,0,95
STU1544,Ryan Bishop,48,4.1,94,1,4,87
STU1545,Anna Austin,18,7.7,93,1,1,19
STU1546,Charles Dawson,13,7.3,93,1,0,28
STU1547,Brandi Thomas,1,9.0,54,5,1,84
STU1548,Jerome King,16,7.1,90,0,1,38
STU1549,John Williams,10,7.3,88,2,0,11
STU1550,Christopher Taylor,11,6.4,78,0,1,30
STU1551,Shannon Martin,12,6.0,95,2,0,11
STU1552,Brianna Fry,5,8.6,46,2,1,75
STU1553,Rachel Owens,4,8.3,52,5,1,96
STU1554,Denise Herrera,10,6.0,94,1,1,33
STU1555,Jacqueline Ortiz,0,8.1,40,6,0,93
STU1556,Steven Chapman,37,4.7,97,1,3,85
STU1557,Michael Massey,15,7.7,92,1,0,19
STU1558,Lisa Fields,13,7.2,83,0,0,8
STU1559,Jessica Chapman,15,6.8,76,1,0,36
STU1560,Zachary Hansen,13,7.3,88,1,0,33
STU1561,Benjamin Richards,10,6.9,83,2,1,24
STU1562,Bruce Lester,13,6.9,87,1,0,15
STU1563,Kristin James,39,4.1,100,1,2,88
STU1564,Stephen Osborn,10,6.7,84,1,1,35
STU1565,Andrea Garrett,17,6.2,93,2,0,40
STU1566,Dean Christian,15,6.3,76,0,0,15
STU1567,Tony Rogers,3,8.9,43,0,1,95
STU1568,Stephanie Oliver,34,3.7,92,0,5,81
STU1569,Matthew Smith,3,9.1,43,4,0,98
STU1570,Rachel Lewis,19,8.0,92,1,1,40
STU1571,Laura Simmons,12,7.4,86,2,1,18
STU1572,Theresa Booth,18,6.9,93,0,0,6
STU1573,Christine Cox,15,6.2,85,1,0,14
STU1574,Mrs. Jessica Bond,0,9.0,57,4,0,85
STU1575,Kelly Gonzalez,18,6.6,83,1,0,29
STU1576,Michael Thomas,13,7.2,84,2,1,12
STU1577,Gavin Franklin,19,7.1,84,2,1,35
STU1578,David Schwartz,18,7.3,80,1,0,11
STU1579,Adam Medina,10,8.0,89,1,0,28
STU1580,Lindsey Hines,12,7.3,75,1,0,7
STU1581,Debbie Williams,13,6.8,82,0,1,12
STU1582,George Martinez,17,6.8,83,1,0,14
STU1583,Kristen Elliott,0,9.3,49,7,0,95
STU1584,Christine Smith,34,3.6,99,1,5,90
STU1585,Sarah Thomas,16,6.7,86,0,1,6
STU1586,Laurie Cortez,19,8.0,77,1,0,21
STU1587,Matthew Snyder,12,7.0,87,0,1,13
STU1588,Andrea Drake,10,7.2,80,1,1,16
STU1589,Ana Logan,12,6.2,92,0,0,36
STU1590,Jason Parker,50,3.1,99,1,4,75
STU1591,Curtis Nelson,16,6.2,88,2,0,22
STU1592,Matthew Lewis,35,4.6,93,2,4,92
STU1593,Lindsay Ingram,20,6.8,80,0,1,36
STU1594,Robert Villegas,20,7.3,90,2,1,32
STU1595,James Brewer MD,12,7.4,89,0,0,25
STU1596,Gary Archer,19,6.1,89,2,0,28
STU1597,Ashley Roberts,10,6.3,81,0,0,29
STU1598,Justin Logan,17,7.8,81,0,1,26
STU1599,Mary Fischer,0,8.1,58,6,0,75
STU1600,Tammy Gay,19,6.8,92,0,0,35
STU1601,Richard Hahn,12,6.9,95,1,1,5
STU1602,Samantha Mcdonald,12,7.2,88,1,1,35
STU1603,Darrell Mooney,0,8.4,59,10,0,83
STU1604,Oscar Clark,17,6.8,78,2,0,22
STU1605,Christy Williams,20,6.4,95,1,0,24
STU1606,Michelle Perez,14,7.8,89,1,0,18
STU1607,Dr. Katherine Campbell,18,7.0,88,0,1,33
STU1608,Heather Fuentes DDS,3,8.5,35,8,1,93
STU1609,Gary Howard,17,6.8,75,2,0,11
STU1610,Katherine Miller,4,8.4,42,5,1,81
STU1611,Heidi Perry,10,7.2,75,2,0,30
STU1612,Paul Jennings,3,8.2,36,4,1,91
STU1613,Michael Baker,5,8.2,46,10,0,97
STU1614,John Cunningham,11,6.1,76,0,0,32
STU1615,Patricia Melton,36,4.7,95,1,3,83
STU1616,Kelly Moore DDS,12,7.3,89,2,0,34
STU1617,John Valdez,3,9.0,48,1,0,95
STU1618,Tammy Moore,4,9.7,52,1,0,75
STU1619,Cheryl Gomez,16,6.6,92,1,0,31
STU1620,Sarah Lewis,42,4.1,93,2,2,92
STU1621,Julia Lowery,11,7.7,82,0,1,19
STU1622,Brian Barton,11,6.3,82,2,1,24
STU1623,Joseph Holloway,4,8.9,54,2,0,84
STU1624,Desiree Valencia,14,6.3,82,1,0,36
STU1625,Stephanie Gonzalez,1,8.1,36,6,1,91
STU1626,Tamara Scott,3,9.1,54,10,1,97
STU1627,Cynthia Cole,14,6.1,89,1,0,8
STU1628,Stephanie Morris,39,4.2,99,1,4,83
STU1629,David Marshall,4,9.6,44,5,0,92
STU1630,Tami Davis,12,7.8,75,2,0,16
STU1631,Katelyn Brennan,15,7.5,92,0,0,37
STU1632,Nicholas Johnson,19,7.7,87,1,0,25
STU1633,Steven Anderson,3,8.3,44,10,0,78
STU1634,Wesley Holmes,2,9.4,42,10,0,77
STU1635,Michelle Watson,19,7.6,87,1,1,22
STU1636,Gary Oneal,5,8.5,39,3,1,87
STU1637,David Escobar,20,6.9,93,0,0,34
STU1638,Ashley Long,16,7.7,90,1,1,23
STU1639,Raymond Taylor,33,3.4,98,0,5,84
STU1640,Joshua Young,33,5.0,97,1,3,79
STU1641,Samuel Brown,13,7.9,79,0,1,36
STU1642,Spencer Turner,12,7.5,83,0,1,7
STU1643,Edwin Reed,20,8.0,84,2,0,6
STU1644,Eileen Davis,10,7.4,95,0,0,11
STU1645,Scott Morgan MD,15,6.8,93,1,1,7
STU1646,Kimberly Fowler,2,8.1,37,9,1,84
STU1647,Sandra Fletcher,10,7.6,86,2,0,32
STU1648,Sara Walker,10,7.3,76,1,1,39
STU1649,Krystal Larson,1,9.6,34,3,0,88
STU1650,Ashley Robinson,20,7.9,76,1,0,20
STU1651,David Williams,2,8.6,42,10,0,77
STU1652,Melanie Erickson,18,7.9,90,2,0,29
STU1653,Vanessa Dunn,11,7.5,90,2,0,18
STU1654,Raymond Lane,12,6.6,80,0,1,34
STU1655,Dylan Flowers,17,7.3,82,1,0,9
STU1656,Sarah Rivera,10,6.7,78,0,0,26
STU1657,Dorothy Peterson,12,8.0,83,0,1,40
STU1658,Lisa Drake,10,6.7,92,1,1,8
STU1659,Jeffrey Beck,16,7.4,93,2,1,29
STU1660,Jessica Moore,50,4.4,93,1,3,82
STU1661,Amy Church,12,7.7,86,0,0,8
STU1662,Joshua Ford,3,9.8,47,0,1,83
STU1663,Susan Cameron,10,8.0,80,1,1,36
STU1664,Tina Patton,19,6.1,88,0,0,18
STU1665,Tina Williams,48,4.0,91,1,3,77
STU1666,Mrs. Stephanie Snyder,11,6.6,93,1,0,26
STU1667,Emily Daniels,20,7.4,90,2,0,14
STU1668,Pamela Lynch,5,9.8,44,3,0,90
STU1669,Jo Fisher,12,7.2,84,2,1,21
STU1670,Travis Prince,5,9.8,40,6,1,88
STU1671,Shannon Martinez,15,6.1,85,1,0,26
STU1672,Jeremy Harris,11,7.1,87,0,1,9
STU1673,Bryce White,43,4.5,98,1,2,71
STU1674,Andrea Williams,20,6.7,95,2,0,16
STU1675,Ashley Turner,19,6.7,81,1,0,13
STU1676,Matthew Williams,15,6.4,85,2,0,38
STU1677,Anthony Rose,16,7.2,84,2,1,20
STU1678,Linda Holland,18,7.8,90,2,0,19
STU1679,Mr. Michael Martinez,17,6.6,80,1,0,38
STU1680,Haley Peterson,4,8.6,46,10,1,85
STU1681,Kathryn King,20,6.1,86,1,1,8
STU1682,Charles Howard,30,4.6,97,2,5,71
STU1683,John Nguyen,12,7.1,81,0,0,13
STU1684,John Barnes,19,7.9,85,1,0,22
STU1685,Mark Powell,15,7.5,87,1,1,31
STU1686,Kristin Anderson,10,6.1,95,2,1,37
STU1687,James Dalton,17,7.1,79,1,1,30
STU1688,Cindy Hernandez,11,6.7,92,2,0,24
STU1689,Michelle Yang,50,4.6,93,2,3,90
STU1690,Bruce Thompson,17,7.0,81,1,1,33
STU1691,Lauren Stephenson,14,6.5,92,2,1,11
STU1692,Joel Watson,5,9.0,52,9,0,92
STU1693,Valerie Tucker,11,6.9,78,0,1,15
STU1694,Austin Morris,33,4.2,96,2,3,82
STU1695,Douglas Alvarez,2,8.1,55,5,1,83
STU1696,Kenneth Brandt MD,14,6.7,91,0,0,15
STU1697,Nathan Williams,17,7.9,81,0,1,20
STU1698,Briana Hernandez,20,7.2,78,0,1,14
STU1699,Patricia Warner,15,7.5,84,2,0,5
STU1700,Victoria Baker,10,6.1,77,1,0,15
STU1701,Dylan Rodriguez,13,7.3,91,0,0,13
STU1702,Thomas Fuller,34,3.4,94,2,3,81
STU1703,Kristin Copeland,13,6.2,77,1,1,31
STU1704,Allison Le,19,6.0,79,2,1,30
STU1705,Benjamin Johnson,16,6.7,86,1,1,11
STU1706,Jorge Davidson,17,7.7,86,2,0,11
STU1707,Jason Rivera,32,3.7,99,0,2,78
STU1708,Julia Martinez,15,6.0,79,0,1,8
STU1709,Michael Huffman,11,6.5,82,2,0,40
STU1710,Sandra Tate,19,7.5,77,0,0,30
STU1711,Hunter Salazar,10,6.8,88,0,1,37
STU1712,Karen Burns,31,3.0,97,2,2,76
STU1713,Darryl Stout,16,7.8,93,1,0,20
STU1714,Angela Burke,16,7.9,80,0,1,40
STU1715,Shawn Conley,11,7.1,83,1,0,22
STU1716,Anthony Esparza,20,6.5,81,0,1,8
STU1717,Elizabeth Ross,15,7.5,75,2,0,40
STU1718,Walter Brooks,15,7.5,86,2,0,35
STU1719,Ryan Bowen,4,8.8,55,8,0,94
STU1720,Ronald Mcintyre,19,7.9,93,0,0,26
STU1721,Debbie Henry,15,6.8,87,1,1,6
STU1722,Suzanne Carr,17,7.4,77,1,0,34
STU1723,Shawn Williams,11,6.8,84,0,0,16
STU1724,Catherine Schultz,40,4.2,96,1,4,72
STU1725,Erica Smith,14,6.2,80,2,0,40
STU1726,Kim Castillo,13,7.7,92,1,1,11
STU1727,Jonathan Martin,33,4.9,100,0,3,94
STU1728,Michaela Ray,0,8.8,43,2,0,87
STU1729,Emily Booker,10,6.6,89,1,1,7
STU1730,David Lee,38,4.1,99,0,5,74
STU1731,Gary Miller,13,6.1,90,0,0,19
STU1732,Savannah Harris,16,6.0,83,2,0,13
STU1733,Adam White,11,7.5,78,2,0,9
STU1734,Jane Harrell,15,7.2,91,0,0,31
STU1735,Cory Coleman,15,6.9,88,2,1,15
STU1736,Lisa Perez,17,6.0,87,1,0,27
STU1737,Nicholas Wagner,13,6.1,81,0,1,6
STU1738,Francisco Myers,16,6.8,84,0,1,36
STU1739,Taylor Garcia,35,3.9,99,1,5,93
STU1740,Eric Lopez,12,6.5,88,0,0,33
STU1741,Maureen Good,19,6.7,87,2,0,9
STU1742,Cynthia Short,12,7.5,76,1,0,18
STU1743,Julie Shaffer,17,7.8,77,1,1,18
STU1744,Karen Hart,31,4.6,93,1,2,79
STU1745,Laura James,14,6.8,91,1,0,16
STU1746,Lisa Ellis,20,7.1,87,1,1,18
STU1747,Douglas Rosales,48,5.0,92,0,4,85
STU1748,Joseph Mccann,20,6.7,93,1,1,21
STU1749,Zachary Davila,32,4.8,93,2,4,74
STU1750,Lisa Petersen,19,7.0,95,2,1,6
STU1751,Michele Blake,3,9.7,57,3,0,94
STU1752,Chad Sharp,3,8.7,42,2,1,96
STU1753,Marie Bailey,14,6.5,86,1,0,30
STU1754,Jesus Graham,16,6.9,88,2,0,21
STU1755,Colin Conway,16,7.2,83,0,1,25
STU1756,Patricia Farmer,16,7.6,80,2,1,37
STU1757,Patricia King,10,7.6,79,1,0,25
STU1758,Russell Larson,48,3.5,98,2,4,86
STU1759,Joseph Mcbride,16,6.3,78,1,1,30
STU1760,Sara Flores,14,7.4,79,1,1,15
STU1761,Stephanie Williams,19,7.5,89,2,0,12
STU1762,Jesse Jones,12,7.1,83,2,0,37
STU1763,Jessica Tran,19,6.8,89,1,1,11
STU1764,Dr. Sean Villa,16,7.6,81,2,1,21
STU1765,Corey Norman,19,6.4,91,2,0,21
STU1766,Miss Lisa Powers PhD,43,4.7,99,1,3,71
STU1767,Heather Perry,2,9.2,52,5,1,85
STU1768,Lindsey Mann,17,7.6,85,2,1,30
STU1769,Christopher Zavala,43,4.3,96,0,3,78
STU1770,Amanda Kelley,17,7.7,81,1,0,24
STU1771,Michael Powell,4,9.4,32,2,1,95
STU1772,Rachael Smith,10,6.6,94,0,1,37
STU1773,Keith Leon,13,7.3,89,1,1,10
STU1774,Jordan Johnson,17,6.1,85,0,0,36
STU1775,Steven Williams,20,7.0,91,1,0,6
STU1776,Heather Richards,13,7.8,83,2,0,35
STU1777,Alexis Jones,10,7.0,83,2,0,28
STU1778,Patricia Wilkins,48,4.2,91,0,4,79
STU1779,Samuel Melton,11,7.6,79,2,0,35
STU1780,Mary Li,18,6.2,84,1,0,14
STU1781,Megan Bradley,16,7.8,83,1,0,24
STU1782,Tracy Adams,15,6.1,90,0,0,25
STU1783,Mckenzie Lutz,38,4.8,96,1,2,88
STU1784,Steven Meyer,12,7.3,78,2,1,17
STU1785,Bradley Warren,2,8.5,53,2,0,98
STU1786,Derek Jones,12,7.6,95,0,1,11
STU1787,Kevin Clark,18,6.1,94,1,0,22
STU1788,Jessica Hamilton,10,6.8,84,0,1,15
STU1789,Lacey Walker,34,4.4,91,1,4,73
STU1790,Annette Juarez,17,7.7,83,1,1,16
STU1791,James Ford,16,7.6,92,2,1,23
STU1792,Jason Johnson,42,4.2,95,0,5,80
STU1793,Max Noble,37,4.1,91,0,3,76
STU1794,Kyle Williams,10,6.7,87,1,0,21
STU1795,David Cortez,44,4.3,96,1,5,94
STU1796,Taylor White,15,6.3,86,2,1,21
STU1797,Tamara Taylor,16,7.6,81,0,1,27
STU1798,Jenny Johnson,30,3.6,92,2,2,79
STU1799,John Jimenez,15,7.5,90,0,1,11
STU1800,Jessica Jordan,15,7.7,89,1,1,24
STU1801,Erica Simmons,17,6.6,79,2,0,36
STU1802,Krista Haley,19,6.5,92,0,0,34
STU1803,Paula Cisneros,30,4.4,96,1,3,74
STU1804,Eric Brooks,14,7.2,91,0,1,24
STU1805,Tammy Smith,17,6.9,81,2,0,26
STU1806,Susan Pace,20,6.2,79,2,1,39
STU1807,Lisa Johnson,16,6.7,90,2,0,22
STU1808,Caitlin Vargas,15,6.8,92,0,1,22
STU1809,Veronica Mclaughlin,20,7.5,91,1,1,31
STU1810,John Lopez,15,6.5,80,1,1,28
STU1811,Anthony Rosario,12,6.9,79,0,1,28
STU1812,Zachary Martin,2,9.4,37,10,0,90
STU1813,Shannon Brown DDS,4,9.4,53,4,1,90
STU1814,William Olson,5,8.8,58,7,0,91
STU1815,Kimberly Higgins,15,6.0,80,2,0,7
STU1816,Alicia Powers,11,6.4,76,2,1,38
STU1817,Dean Johnson,13,6.8,75,2,1,16
STU1818,William Moore,17,6.8,88,0,1,19
STU1819,Robert Shaffer,13,7.2,87,2,0,5
STU1820,Karen Harris,11,7.5,95,1,1,22
STU1821,Jennifer Anderson,17,7.4,95,2,1,17
STU1822,Francisco Clarke,17,7.9,76,1,0,19
STU1823,Troy Robinson,4,9.3,44,5,0,79
STU1824,Richard Butler,16,6.7,82,1,1,5
STU1825,Michaela Douglas,16,7.7,80,0,1,32
STU1826,Savannah Williams,15,7.0,94,0,1,34
STU1827,Joseph Gonzalez,10,6.9,80,0,1,14
STU1828,Kayla Perez,17,6.8,89,0,1,17
STU1829,Tammy Beck,18,7.9,95,0,0,12
STU1830,Keith Moreno,13,7.1,87,0,0,10
STU1831,Joseph Dorsey,20,7.4,75,0,1,22
STU1832,Brandon Wagner,12,8.0,89,0,1,14
STU1833,Cheryl Stevens,18,6.1,86,1,0,25
STU1834,Tony Tran,19,7.9,88,0,1,8
STU1835,Ethan Peck,12,6.6,94,0,1,31
STU1836,Theodore Anderson,13,6.6,88,0,0,5
STU1837,Ashley Wolfe,14,7.8,89,0,1,5
STU1838,Nicholas Romero,43,3.7,93,2,2,87
STU1839,Kristin Wade,5,8.4,51,10,1,98
STU1840,Sean Dominguez,14,7.3,95,0,0,23
STU1841,Rodney Nichols,4,9.8,56,5,1,98
STU1842,Amber Mendoza,14,7.6,88,1,1,24
STU1843,Joshua Becker,14,6.6,80,2,0,23
STU1844,Justin Pham,2,8.2,60,2,0,90
STU1845,Eddie Harris,13,6.8,88,0,1,24
STU1846,Charles Silva,5,9.8,55,10,1,95
STU1847,Ryan Washington,17,6.3,89,1,1,29
STU1848,Jeremiah Fisher,10,6.8,78,1,1,33
STU1849,Timothy Palmer,20,6.9,76,2,1,10
STU1850,Brian Mccullough,20,6.9,78,2,1,35
STU1851,Joseph Miller,18,6.5,94,0,0,28
STU1852,Megan Underwood,11,6.3,79,1,1,20
STU1853,Angela Thomas,16,6.3,85,2,0,12
STU1854,Tammy Simmons DDS,17,6.4,79,2,0,37
STU1855,Tina Ball,19,8.0,91,2,1,31
STU1856,Stephanie Mccall,20,7.7,86,0,1,31
STU1857,Thomas Neal,14,7.2,77,1,0,14
STU1858,Jonathan Brewer,41,4.3,96,1,4,86
STU1859,Amy Pruitt,13,7.1,77,0,1,27
STU1860,Christopher Villarreal,5,9.5,51,3,0,83
STU1861,Alejandra Jackson,5,9.3,44,8,1,79
STU1862,Edwin Jones,11,6.1,82,1,1,6
STU1863,Christina Williams,1,9.5,33,8,0,86
STU1864,Dennis Perkins,13,6.3,87,2,1,22
STU1865,James Harris,16,6.6,94,1,1,14
STU1866,Allison Hicks,15,7.1,75,0,1,26
STU1867,Rachael Cox,13,6.1,77,1,0,20
STU1868,Brian Jones,17,6.1,75,1,1,17
STU1869,Shannon Perkins,12,7.5,88,2,0,21
STU1870,Cheryl Griffin,16,7.9,79,2,1,19
STU1871,Justin Johnson,16,7.2,94,1,1,40
STU1872,Madison Garcia,48,4.8,91,0,3,94
STU1873,Javier Morrow,19,6.2,82,2,0,11
STU1874,Jessica Norris,3,8.4,47,4,0,88
STU1875,Craig Barnes,16,6.2,80,0,0,34
STU1876,William Lozano,17,7.1,76,2,0,25
STU1877,Tyler Hamilton,18,6.6,93,1,0,31
STU1878,John Chambers,17,6.7,78,1,0,33
STU1879,Kimberly Morales,37,4.2,94,1,2,85
STU1880,Derek Bowman,14,7.4,82,2,0,26
STU1881,Paul Butler,32,4.5,91,0,4,88
STU1882,Brittany Trujillo,4,8.5,33,7,0,83
STU1883,Amber Leon,41,3.9,98,2,4,79
STU1884,Meagan Hanson,15,6.1,81,0,1,36
STU1885,Julie Perez,19,6.4,86,2,0,5
STU1886,Lisa Holmes,18,7.4,77,1,0,24
STU1887,Stacy Ball,16,6.8,77,2,1,31
STU1888,Susan Rogers,14,7.2,84,2,0,32
STU1889,Emily Wagner,47,3.9,94,0,2,83
STU1890,Courtney Sanchez,38,4.1,97,2,3,86
STU1891,Randy Ramirez,15,6.8,75,1,0,5
STU1892,Stephanie Johnson,14,6.6,81,1,0,21
STU1893,Heather Bennett,42,3.7,90,0,5,79
STU1894,Melissa Vazquez,15,7.2,75,0,1,36
STU1895,Angela Parker,10,7.1,94,0,1,6
STU1896,Jessica Carey,35,3.5,95,0,5,73
STU1897,Edward Nicholson,18,6.2,89,1,0,38
STU1898,Mrs. Robin Morgan,11,7.2,77,2,0,5
STU1899,Barbara Leach,20,6.9,84,1,0,38
STU1900,Cody Brooks,19,6.4,76,2,1,13
STU1901,Paula Hale,15,7.4,76,0,0,35
STU1902,Jonathan Berger,46,4.2,94,0,3,71
STU1903,Ashley Hernandez,35,3.1,97,1,5,78
STU1904,Amber Douglas,11,6.8,75,1,1,6
STU1905,Erik Jones,3,8.4,39,5,1,78
STU1906,Edward Deleon,15,6.0,83,1,1,30
STU1907,Samantha Guerrero,16,6.1,90,0,0,34
STU1908,Tracy Schroeder,14,7.4,91,1,1,32
STU1909,Bernard Hill,14,7.4,78,2,1,20
STU1910,Curtis Goodman,16,6.1,94,2,0,35
STU1911,Marc Page,15,7.9,83,1,0,32
STU1912,Bridget Daugherty,15,7.4,95,2,1,31
STU1913,Patricia Pierce,18,6.3,90,0,0,31
STU1914,Sheryl Glenn,20,7.1,90,1,1,14
STU1915,Danielle Adams,1,8.8,38,5,1,83
STU1916,Leslie Bird,10,7.8,86,0,0,9
STU1917,Tara Jones,14,6.1,86,2,0,17
STU1918,Jaclyn Brown,2,9.1,51,2,1,81
STU1919,Allison Perez,14,7.7,92,1,0,32
STU1920,Raymond Vance,17,7.2,85,0,0,39
STU1921,Mary Harris,12,7.5,84,1,0,11
STU1922,Lisa Scott,13,6.8,92,0,0,32
STU1923,Michelle Hopkins,3,8.9,52,4,1,95
STU1924,Joann Morales,11,6.7,82,1,1,17
STU1925,Patrick Wallace,10,7.0,91,0,1,33
STU1926,Nathan Brown,14,7.8,91,2,1,32
STU1927,Matthew Tran,36,3.5,94,1,3,71
STU1928,Amber Brown,15,7.2,76,2,0,19
STU1929,Joe Jones,17,7.3,79,0,0,20
STU1930,Stephanie Sutton,18,6.0,93,0,0,35
STU1931,Tina Wong,16,6.5,90,2,1,27
STU1932,Wanda Solis,10,6.6,85,1,0,6
STU1933,Alicia Hansen,18,7.9,88,2,1,12
STU1934,Brianna English,12,7.8,81,0,0,33
STU1935,Justin Fritz,1,8.5,41,8,0,78
STU1936,Marie Perry,16,6.8,89,1,1,37
STU1937,Daniel Smith,14,6.2,89,2,1,29
STU1938,Shane Nelson,20,6.7,85,0,0,38
STU1939,Brandon Garcia,34,3.3,90,1,2,94
STU1940,Eric Adams,17,6.4,80,1,0,37
STU1941,Robert Carter,3,8.6,37,7,0,78
STU1942,Spencer James,0,8.2,41,6,0,83
STU1943,Susan Mcpherson,11,8.0,93,1,1,5
STU1944,Matthew Hall,2,8.1,56,6,1,78
STU1945,Jason Larson,4,9.9,56,5,0,82
STU1946,Phillip Frederick,17,7.4,88,0,1,26
STU1947,Mary Jordan,1,9.0,60,7,0,88
STU1948,Chelsea Williams,15,6.2,90,0,1,5
STU1949,Christine Martin,20,6.4,94,1,0,12
STU1950,Jeffery Barrera,5,8.7,32,5,0,88
STU1951,Joshua Anderson,17,6.1,84,0,1,28
STU1952,Christopher Hernandez,13,6.4,95,1,1,21
STU1953,Erin Taylor,39,3.6,93,2,4,94
STU1954,Sheila Williams,17,7.2,88,0,0,22
STU1955,Dennis Pineda,18,6.2,77,0,1,36
STU1956,Nathaniel Barnes,19,7.4,77,0,0,23
STU1957,Wayne Marquez,11,7.4,83,2,1,11
STU1958,Renee Joseph,50,3.9,90,0,4,85
STU1959,Rebecca Cummings,49,4.9,100,1,3,93
STU1960,Susan Gross,15,7.2,94,0,0,26
STU1961,Jessica Dickerson,20,7.0,83,2,0,36
STU1962,Stephanie Gardner,14,7.4,80,1,0,24
STU1963,Russell Taylor,2,8.7,60,2,0,85
STU1964,Michael Pineda,15,6.2,92,2,0,26
STU1965,Henry Cox,46,4.4,98,1,3,79
STU1966,Felicia Oconnor,17,6.6,92,2,0,33
STU1967,Brad Garcia,2,9.3,53,9,0,77
STU1968,Jason King,18,6.6,95,0,1,7
STU1969,Lucas Hodges,19,6.9,85,0,0,39
STU1970,Angela Rose,1,9.9,39,6,1,80
STU1971,David Obrien,1,9.6,51,4,1,95
STU1972,Amanda Larsen,48,3.3,92,0,3,77
STU1973,Victoria Williams,13,6.9,89,1,0,37
STU1974,Paige Kline,12,6.2,80,0,0,14
STU1975,Mr. Douglas Nguyen DDS,3,10.0,49,3,1,91
STU1976,Damon Osborn,34,5.0,96,0,3,93
STU1977,Jeremy Rodriguez,17,7.5,86,2,0,36
STU1978,Bobby Raymond,17,6.6,75,2,0,39
STU1979,Brandy Perez,12,6.5,89,2,0,39
STU1980,Pamela Copeland,16,6.5,93,1,1,15
STU1981,Sarah Kane,10,6.2,89,2,1,11
STU1982,Jill Moore,15,7.3,81,0,0,5
STU1983,Diana Taylor,19,7.1,77,0,1,8
STU1984,Kenneth Houston,4,9.5,33,4,1,83
STU1985,Christina Williams,19,7.0,83,0,0,31
STU1986,Valerie Brady,19,7.4,93,2,0,38
STU1987,Harry Richards,12,7.5,79,2,1,23
STU1988,Lisa Johnson,12,7.9,75,2,0,17
STU1989,Traci Maldonado,11,6.4,92,0,1,9
STU1990,Dawn Duncan,12,7.1,92,0,0,30
STU1991,Alexa Gibbs,13,7.1,93,1,1,17
STU1992,Tamara Watson,36,5.0,98,0,2,81
STU1993,Ronnie Alvarado,41,4.0,98,1,5,92
STU1994,Kimberly Spears,15,6.9,94,2,0,26
STU1995,Alexis Stewart,5,9.7,44,0,0,81
STU1996,Cheyenne Gonzalez,12,6.9,95,2,1,36
STU1997,Bradley Price,5,8.5,56,4,0,89
STU1998,Christopher Wolf,47,4.2,93,0,3,89
STU1999,Alexandra Perez,11,6.2,87,2,1,30
